ID_utente;nome;cognome;email
1;marco;beltrame;marco01.beltrame@edu.unife.it
2;elena;zerbin;elena.zerb@edu.unife.it
3;fabrizio;beltrame;fbelt@min.unipd.it
4;serenella;marchesini;sere.marchesini.64@unife.it
5;fasil;romagnolo;fa@unibo.it
6;tabora;jarou;tabo@unipd.it
7;sara;morin;morin.sara@edu.unife.it
8;mattia;forza;mattia.forza@edu.unibo
9;gabriele ;polmonari;gabri.polmone@edu.unibo
